Search term,Cost,Total conv. value,Conversions,Cost / conv.,Conv. rate,Clicks,Impressions,CTR,Avg. CPC,Avg. position
8x8 hdbaset matrix,0.29,0.00,0.00,0.00,0.00,1.00,7.00,0.14,0.29,2.70
symnet audio matrix 8 x 8,0.61,0.00,0.00,0.00,0.00,1.00,1.00,1.00,0.61,2.00
cctv video distribution amplifier for tvi,2.10,0.00,0.00,0.00,0.00,1.00,1.00,1.00,2.10,3.00
hdbaset matrix 8x8,0.20,0.00,0.00,0.00,0.00,1.00,2.00,0.50,0.20,4.50
650165 hdmi input part,2.12,0.00,0.00,0.00,0.00,1.00,1.00,1.00,2.12,1.00
hdmi seamless switcher,1.97,0.00,0.00,0.00,0.00,1.00,2.00,0.50,1.97,1.50
4x4 hdmi matrix,4.42,0.00,0.00,0.00,0.00,2.00,219.00,0.01,2.21,2.60
hdmi input driver,1.37,0.00,0.00,0.00,0.00,1.00,1.00,1.00,1.37,1.00
4k 8x16 hdbaset hdmi matrix switcher 1080p uhd 8x8 crestron control4 savant ir,1.46,0.00,0.00,0.00,0.00,2.00,1.00,2.00,0.73,5.00
hdmi video multiplexer,0.52,0.00,0.00,0.00,0.00,1.00,20.00,0.05,0.52,1.50
fish finders with hdmi input,1.69,0.00,0.00,0.00,0.00,1.00,2.00,0.50,1.69,1.50
6 channel hdmi multiplexer,2.07,0.00,0.00,0.00,0.00,1.00,1.00,1.00,2.07,1.00
multiviewer hdmi,7.57,0.00,0.00,0.00,0.00,4.00,25.00,0.16,1.89,2.30
video switch cvbs hdmi input cvbs output,2.23,0.00,0.00,0.00,0.00,1.00,1.00,1.00,2.23,1.00
hdmi 4x4 matrix,6.57,0.00,0.00,0.00,0.00,4.00,67.00,0.06,1.64,2.70
car hud with hdmi input,2.13,0.00,0.00,0.00,0.00,1.00,1.00,1.00,2.13,1.00
8x8 video matrix,0.95,0.00,0.00,0.00,0.00,1.00,1.00,1.00,0.95,2.00
4x6 hdmi matrix,2.32,0.00,0.00,0.00,0.00,1.00,1.00,1.00,2.32,4.00
hdbaset 4k,0.45,0.00,0.00,0.00,0.00,1.00,8.00,0.13,0.45,4.60
8x8 hdmi mixer hdbaset with hdcp,0.98,0.00,0.00,0.00,0.00,1.00,1.00,1.00,0.98,2.00
hdmi multiplexer,4.67,0.00,0.00,0.00,0.00,3.00,185.00,0.02,1.56,1.30
wyrestorm hdbaset matrix,0.76,0.00,0.00,0.00,0.00,1.00,1.00,1.00,0.76,3.00
screen module with hdmi input,2.06,0.00,0.00,0.00,0.00,1.00,1.00,1.00,2.06,1.00
make your own matrix switcher,0.62,0.00,0.00,0.00,0.00,1.00,1.00,1.00,0.62,3.00
6 hdmi input video switcher,2.56,0.00,0.00,0.00,0.00,1.00,1.00,1.00,2.56,1.00
dvd burner with hdmi input,2.06,0.00,0.00,0.00,0.00,1.00,1.00,1.00,2.06,1.00
hdmi input card,2.57,0.00,0.00,0.00,0.00,1.00,39.00,0.03,2.57,1.20
ezvid best hdmi switches,2.07,0.00,0.00,0.00,0.00,1.00,1.00,1.00,2.07,1.00
hdbaset matrix 2x4,0.86,0.00,0.00,0.00,0.00,1.00,3.00,0.33,0.86,1.70
hdmi input to computer,0.95,0.00,0.00,0.00,0.00,1.00,2.00,0.50,0.95,1.00
flexible rgb led matrix,0.91,0.00,0.00,0.00,0.00,1.00,1.00,1.00,0.91,1.00
modular matrix switcher,1.49,0.00,0.00,0.00,0.00,1.00,4.00,0.25,1.49,2.30
hdmi router,2.06,0.00,0.00,0.00,0.00,1.00,139.00,0.01,2.06,1.10
hdtbase matrix,0.76,0.00,0.00,0.00,0.00,1.00,2.00,0.50,0.76,3.00
hdmi multiviewer,2.86,0.00,0.00,0.00,0.00,2.00,224.00,0.01,1.43,2.20
4x4 hdmi matrix and 2x2 video wall,1.93,0.00,0.00,0.00,0.00,1.00,1.00,1.00,1.93,2.00
hdmi input coaxial input basic cable wall,2.35,0.00,0.00,0.00,0.00,1.00,2.00,0.50,2.35,1.50
tv box with hdmi input,2.05,0.00,0.00,0.00,0.00,1.00,3.00,0.33,2.05,1.70
rf modulator with hdmi input,2.24,0.00,0.00,0.00,0.00,1.00,43.00,0.02,2.24,3.10
hdmi input pc,2.56,0.00,0.00,0.00,0.00,1.00,8.00,0.13,2.56,1.10
no used usb need splitter with usb and hdmi inpurt,1.66,0.00,0.00,0.00,0.00,1.00,1.00,1.00,1.66,1.00
hdmi input download,0.56,0.00,0.00,0.00,0.00,1.00,2.00,0.50,0.56,1.00
tablet with hdmi input,2.30,0.00,0.00,0.00,0.00,1.00,9.00,0.11,2.30,3.10
hdmi extender hdbaset dual hdmi input,1.75,0.00,0.00,0.00,0.00,1.00,1.00,1.00,1.75,1.00
4x4 hdmi matrix switch,1.86,0.00,0.00,0.00,0.00,1.00,16.00,0.06,1.86,2.80
hdmi 4x4,2.46,0.00,0.00,0.00,0.00,1.00,48.00,0.02,2.46,2.70
hdmi input,1.93,0.00,0.00,0.00,0.00,1.00,153.00,0.01,1.93,1.00
2x2 hdmi matrix,2.35,0.00,0.00,0.00,0.00,1.00,14.00,0.07,2.35,1.70
hdmi video matrix switch,2.63,0.00,0.00,0.00,0.00,1.00,4.00,0.25,2.63,2.50
edison hdmi modulator,2.33,0.00,0.00,0.00,0.00,1.00,1.00,1.00,2.33,2.00
video matrix hdmi,4.00,0.00,0.00,0.00,0.00,2.00,12.00,0.17,2.00,1.00
hdmi hdbaset matrix switcher 4k 8x8,0.45,0.00,0.00,0.00,0.00,1.00,8.00,0.13,0.45,2.00
blackbird hdmi seamless switching matrix,1.48,0.00,0.00,0.00,0.00,1.00,3.00,0.33,1.48,2.70
hdmi 4 channel pass thru multiplexor,2.28,0.00,0.00,0.00,0.00,1.00,1.00,1.00,2.28,1.00
video mixers with 8 hdmi input,2.42,0.00,0.00,0.00,0.00,1.00,2.00,0.50,2.42,1.50
video multiplexer hdmi 4 sources 4 bestbuy,1.97,0.00,0.00,0.00,0.00,1.00,3.00,0.33,1.97,2.00
seamless hdmi matrix,3.39,0.00,0.00,0.00,0.00,2.00,2.00,1.00,1.70,3.00
4x2 hdmi splitter,1.34,0.00,0.00,0.00,0.00,1.00,24.00,0.04,1.34,1.30
vga video multiplexer,1.64,0.00,0.00,0.00,0.00,1.00,1.00,1.00,1.64,4.00
8x8 hdmi matrix,0.97,0.00,0.00,0.00,0.00,1.00,13.00,0.08,0.97,2.30
hd base t matrix,0.78,0.00,0.00,0.00,0.00,1.00,7.00,0.14,0.78,2.60
hdmi distribution kit,2.31,0.00,0.00,0.00,0.00,1.00,1.00,1.00,2.31,1.00
hdmi matrix splitter,0.85,0.00,0.00,0.00,0.00,1.00,4.00,0.25,0.85,5.00
rgb led matrix panel,0.90,0.00,0.00,0.00,0.00,1.00,1.00,1.00,0.90,3.00
stopped recognising hdmi input,0.56,0.00,0.00,0.00,0.00,1.00,1.00,1.00,0.56,1.00
hdmi video matrix,1.70,0.00,0.00,0.00,0.00,1.00,21.00,0.05,1.70,1.30
hdmi matrix,16.04,0.00,0.00,0.00,0.00,9.00,1136.00,0.01,1.78,2.10
matrix hdmi switch,4.12,0.00,0.00,0.00,0.00,2.00,14.00,0.14,2.06,2.40
led video sign board hdmi input,2.61,0.00,0.00,0.00,0.00,1.00,2.00,0.50,2.61,1.50
7 screen with hdmi input,2.07,0.00,0.00,0.00,0.00,1.00,1.00,1.00,2.07,1.00
4x8 hdmi matrix switch,1.65,0.00,0.00,0.00,0.00,1.00,4.00,0.25,1.65,2.30
un65ks8000 hdmi input,2.05,0.00,0.00,0.00,0.00,1.00,1.00,1.00,2.05,1.00
multi hdmi input to component tv cable,2.03,0.00,0.00,0.00,0.00,1.00,1.00,1.00,2.03,2.00
cable feeding coax changed hdmi input box converter takes coax hdmi,1.58,0.00,0.00,0.00,0.00,1.00,3.00,0.33,1.58,2.70
kramer vsm 4x4hfs 4x4 seamless matrix switcher multi scaler,1.65,0.00,0.00,0.00,0.00,1.00,1.00,1.00,1.65,5.00
tundra usb hdmi input on aftermarket head unit,2.53,0.00,0.00,0.00,0.00,1.00,1.00,1.00,2.53,1.00
3x3 video matrix with fader,0.85,0.00,0.00,0.00,0.00,1.00,1.00,1.00,0.85,1.00
wyrestorm matrix 8x8,0.70,0.00,0.00,0.00,0.00,1.00,1.00,1.00,0.70,4.00
binary b 500 mtrx 230 8x8,0.53,0.00,0.00,0.00,0.00,1.00,1.00,1.00,0.53,6.00
who makes the sewell spider matrix mixer,0.28,0.00,0.00,0.00,0.00,1.00,1.00,1.00,0.28,1.00
audio mixer with hdmi input,2.00,0.00,0.00,0.00,0.00,1.00,3.00,0.33,2.00,3.30
4k uhd 8x8 modular matrix switcher,1.50,0.00,0.00,0.00,0.00,1.00,4.00,0.25,1.50,2.50
16 channel output video matrix controller,0.75,0.00,0.00,0.00,0.00,1.00,7.00,0.14,0.75,2.90
jvc hd 52g786 hdmi input for ps4,3.48,0.00,0.00,0.00,0.00,2.00,2.00,1.00,1.74,1.00
hdmi matrix switcher,17.24,0.00,0.00,0.00,0.00,8.00,224.00,0.04,2.16,3.60
thunderbolt dock with hdmi input port,1.72,0.00,0.00,0.00,0.00,1.00,2.00,0.50,1.72,1.00
tablets with hdmi input,2.07,0.00,0.00,0.00,0.00,1.00,25.00,0.04,2.07,1.40
8 x 8 4k scaler hdmi,0.73,0.00,0.00,0.00,0.00,1.00,1.00,1.00,0.73,5.00
conectate to hdr hdmi into one hdmi input,2.03,0.00,0.00,0.00,0.00,1.00,1.00,1.00,2.03,1.00
multiple hdmi input merger,2.16,0.00,0.00,0.00,0.00,1.00,1.00,1.00,2.16,2.00
flexible matrix keyboard circuit,1.67,0.00,0.00,0.00,0.00,1.00,1.00,1.00,1.67,1.00
4x4 hdbaset matrix,1.35,0.00,0.00,0.00,0.00,2.00,5.00,0.40,0.68,4.00
flexible 12 input output seamless matrix switcher,1.14,0.00,0.00,0.00,0.00,1.00,1.00,1.00,1.14,2.00
video mixer hdmi input,1.54,0.00,0.00,0.00,0.00,1.00,5.00,0.20,1.54,3.00
brightlink 8x8 hdbaset matrix switcher,0.98,0.00,0.00,0.00,0.00,1.00,1.00,1.00,0.98,3.00
commercial quality hdbaset matrix switcher,0.99,0.00,0.00,0.00,0.00,1.00,1.00,1.00,0.99,2.00
seamless hdmi switcher,5.86,0.00,0.00,0.00,0.00,2.00,41.00,0.05,2.93,3.10
modular matrix,1.46,0.00,0.00,0.00,0.00,2.00,2.00,1.00,0.73,1.00
karaoke mixer with hdmi input,2.03,0.00,0.00,0.00,0.00,1.00,10.00,0.10,2.03,1.80
seamless switcher scaler,1.11,0.00,0.00,0.00,0.00,1.00,4.00,0.25,1.11,2.80
wyrestorm 8x8 hdbaset matrix with s pdif optical and stereo audio outputs and 2 way ir 70m 230ft mx 0808 pp aud,0.61,0.00,0.00,0.00,0.00,1.00,1.00,1.00,0.61,1.00
wyrestorm enado price,0.61,0.00,0.00,0.00,0.00,1.00,1.00,1.00,0.61,2.00
high definition rf modulator frequency agile hdmi input,2.06,0.00,0.00,0.00,0.00,1.00,1.00,1.00,2.06,4.00
buy hdmi input,1.04,0.00,0.00,0.00,0.00,1.00,1.00,1.00,1.04,2.00
roland v 1hd portable 4 x hdmi input switcher used,2.47,0.00,0.00,0.00,0.00,1.00,1.00,1.00,2.47,2.00
dhdbaset matrix,0.62,0.00,0.00,0.00,0.00,1.00,1.00,1.00,0.62,3.00
giant flexible led matrix display,1.35,0.00,0.00,0.00,0.00,1.00,1.00,1.00,1.35,1.00
raspberry pi hdmi input,2.39,0.00,0.00,0.00,0.00,1.00,17.00,0.06,2.39,1.60
hdbaset matrix 4x4,0.41,0.00,0.00,0.00,0.00,1.00,3.00,0.33,0.41,4.70
4k hdbaset matrix software,0.79,0.00,0.00,0.00,0.00,1.00,1.00,1.00,0.79,3.00
video glasses with hdmi input,2.06,0.00,0.00,0.00,0.00,1.00,2.00,0.50,2.06,1.00
flexable led array,0.98,0.00,0.00,0.00,0.00,1.00,1.00,1.00,0.98,7.00
matrix hdmi switcher,2.42,0.00,0.00,0.00,0.00,1.00,4.00,0.25,2.42,3.30
portable monitor with hdmi input,2.29,0.00,0.00,0.00,0.00,1.00,30.00,0.03,2.29,1.70
multi viewer hdmi,1.10,0.00,0.00,0.00,0.00,1.00,6.00,0.17,1.10,1.30
hdmi video 32 multiplexer,1.85,0.00,0.00,0.00,0.00,1.00,1.00,1.00,1.85,1.00
b 500 mtrx 230 4x4 binarytm hdmi matrix switcher with hdmi and hdbaset outputs,0.55,0.00,0.00,0.00,0.00,1.00,1.00,1.00,0.55,7.00
4 x 8 hdmi matrix,0.76,0.00,0.00,0.00,0.00,1.00,1.00,1.00,0.76,3.00
flexible led matrix,0.62,0.00,0.00,0.00,0.00,1.00,22.00,0.05,0.62,1.50
hdbaset matrix,3.99,0.00,0.00,0.00,0.00,5.00,95.00,0.05,0.80,3.60
sewell video matrix,0.73,0.00,0.00,0.00,0.00,1.00,1.00,1.00,0.73,1.00
small video monitor with hdmi input,3.06,0.00,0.00,0.00,0.00,1.00,1.00,1.00,3.06,1.00
