itemSku,itemTitle,itemCcolor,itemGcolor
SW-30645-GRY,Protective Gray Wheel Bumpers One Pair for Self Balancing Scooter/Hoverboard - SW-30645-GRY,Light Grey,Gray
SW-30655,PureRun Bulk Cat6 Cable 250 ft Pure Copper UTP CM 23 AWG Pull Box Gray - SW-30655,Dark Grey,Gray
SW-30653,PureRun Cat5e Bulk Pure Copper UTP 250 ft CM 24 AWG Pull Box Gray - SW-30653,Dark Grey,Gray
SW-30550-10,MOS Spring Lightning Cable Aluminum Heads with Spring Relief Deep Grey 10 ft. - SW-30550-10,Dark Grey,Deep Grey
SW-30550-6,MOS Spring Lightning Cable Aluminum Heads with Spring Relief Deep Grey 6 ft. - SW-30550-6,Dark Grey,Deep Grey
SW-30550-1,MOS Spring Lightning Cable Aluminum Heads with Spring Relief Deep Grey 1 ft. - SW-30550-1,Dark Grey,Deep Grey
SW-29875-506,SolidRun by Sewell Cat5e Bulk Cable 500 ft. UTP CMR Dark Grey Pull Box - SW-29875-506,Dark Grey,Dark Gray
SW-30550,MOS Spring Lightning Cable Aluminum Heads with Spring Relief Deep Grey 3 ft. - SW-30550,Dark Grey,Deep Grey
SW-29875-256,SolidRun by Sewell Cat5e Bulk Cable 250 ft. UTP CMR Dark Grey Pull Box - SW-29875-253,Dark Grey,Dark Gray
SW-29459-250,SolidRun Cat6 Cable UTP CM Light Gray PVC jacket 250 ft. - SW-29459-250,Light Grey,Light Gray
SW-30122-100,PureRun Cat6 Patch Cable 100 ft Grey - SW-30122-100,Light Grey,Gray
SW-30122-50,PureRun Cat6 Patch Cable 50 ft Grey - SW-30122-50,Light Grey,Gray
SW-30122-25,PureRun Cat6 Patch Cable 25 ft Grey - SW-30122-25,Light Grey,Gray
SW-30122-15,PureRun Cat6 Patch Cable 15 ft Grey - SW-30122-15,Light Grey,Gray
SW-30122-10,PureRun Cat6 Patch Cable 10 ft Grey - SW-30122-10,Light Grey,Gray
SW-30122-05,PureRun Cat6 Patch Cable 5 ft Grey - SW-30122-05,Light Grey,Gray
SW-30122-03,PureRun Cat6 Patch Cable 3 ft Grey - SW-30122-03,Light Grey,Gray
SW-30064-05,iPhone 55sSE Case Dark Red - SW-30064-05,Red,Dark Red
SW-29875-500,SolidRun by Sewell Cat5e Bulk Cable 500 ft UTP CMR Light Gray Pull Box - SW-29875-500,Light Grey,Light Gray
SW-29875-250,SolidRun by Sewell Cat5e Bulk Cable 250 ft UTP CMR Light Grey Pull Box - SW-29875-250,Light Grey,Light Gray
SW-29901,SolidRun Cat6 Cable UTP CM 1000ft Dark Gray - SW-29901,Dark Grey,Dark Gray
SW-29875,SolidRun by Sewell Cat5e Bulk Cable 1000 ft UTP CMR Light Grey Pull Box - SW-29875,Light Grey,Light Gray
SW-29459,SolidRun Cat6 Cable UTP CM Light Gray PVC jacket 1000 ft. - SW-29459,Light Grey,Light Gray
SW-23014,SolidRun by Sewell Bulk Cat5e Cable 1000 ft Dark Gray UTP Pull Box - SW-23014,Dark Grey,Dark Gray
SW-6583,SolidRun by Sewell Cat5e Bulk Cable 1000 ft. UTP CM Light Gray Pull Box - SW-6583,Light Grey,Light Gray
